{"v":"5.5.0","fr":30,"ip":0,"op":109,"w":1080,"h":548,"nm":"5.9动效","ddd":0,"assets":[{"id":"image_0","w":1080,"h":548,"u":"images/","p":"img_0.png","e":0},{"id":"image_1","w":1080,"h":548,"u":"images/","p":"img_1.png","e":0},{"id":"image_2","w":1080,"h":548,"u":"images/","p":"img_2.png","e":0},{"id":"image_3","w":1080,"h":548,"u":"images/","p":"img_3.png","e":0},{"id":"image_4","w":1080,"h":548,"u":"images/","p":"img_4.png","e":0},{"id":"image_5","w":1080,"h":548,"u":"images/","p":"img_5.png","e":0},{"id":"image_6","w":1080,"h":548,"u":"images/","p":"img_6.png","e":0},{"id":"image_7","w":1080,"h":548,"u":"images/","p":"img_7.png","e":0},{"id":"image_8","w":1080,"h":548,"u":"images/","p":"img_8.png","e":0},{"id":"image_9","w":1080,"h":548,"u":"images/","p":"img_9.png","e":0},{"id":"image_10","w":1080,"h":548,"u":"images/","p":"img_10.png","e":0}],"layers":[{"ddd":0,"ind":1,"ty":2,"nm":"空调养护","refId":"image_0","sr":1,"ks":{"o":{"a":1,"k":[{"i":{"x":[0.833],"y":[0.833]},"o":{"x":[0.167],"y":[0.167]},"t":31.2,"s":[0]},{"i":{"x":[0.833],"y":[0.833]},"o":{"x":[0.167],"y":[0.167]},"t":39.6,"s":[80]},{"i":{"x":[0.833],"y":[0.833]},"o":{"x":[0.167],"y":[0.167]},"t":49.2,"s":[100]},{"i":{"x":[0.833],"y":[0.833]},"o":{"x":[0.167],"y":[0.167]},"t":102,"s":[100]},{"t":109,"s":[100]}],"ix":11},"r":{"a":0,"k":0,"ix":10},"p":{"a":0,"k":[540,274,0],"ix":2},"a":{"a":0,"k":[540,274,0],"ix":1},"s":{"a":0,"k":[100,100,100],"ix":6}},"ao":0,"ip":0,"op":110,"st":0,"bm":0},{"ddd":0,"ind":2,"ty":2,"nm":"雨刷","refId":"image_1","sr":1,"ks":{"o":{"a":1,"k":[{"i":{"x":[0.833],"y":[0.833]},"o":{"x":[0.167],"y":[0.167]},"t":13.2,"s":[0]},{"i":{"x":[0.833],"y":[0.833]},"o":{"x":[0.167],"y":[0.167]},"t":21.6,"s":[80]},{"i":{"x":[0.833],"y":[0.833]},"o":{"x":[0.167],"y":[0.167]},"t":31.2,"s":[100]},{"i":{"x":[0.833],"y":[0.833]},"o":{"x":[0.167],"y":[0.167]},"t":102,"s":[100]},{"t":109,"s":[100]}],"ix":11},"r":{"a":0,"k":0,"ix":10},"p":{"a":0,"k":[538,274,0],"ix":2},"a":{"a":0,"k":[540,274,0],"ix":1},"s":{"a":0,"k":[100,100,100],"ix":6}},"ao":0,"ip":0,"op":110,"st":0,"bm":0},{"ddd":0,"ind":3,"ty":2,"nm":"变速箱","refId":"image_2","sr":1,"ks":{"o":{"a":1,"k":[{"i":{"x":[0.833],"y":[0.833]},"o":{"x":[0.167],"y":[0.167]},"t":50.4,"s":[0]},{"i":{"x":[0.833],"y":[0.833]},"o":{"x":[0.167],"y":[0.167]},"t":58.8,"s":[80]},{"i":{"x":[0.833],"y":[0.833]},"o":{"x":[0.167],"y":[0.167]},"t":68.4,"s":[100]},{"i":{"x":[0.833],"y":[0.833]},"o":{"x":[0.167],"y":[0.167]},"t":102,"s":[100]},{"t":109,"s":[100]}],"ix":11},"r":{"a":0,"k":0,"ix":10},"p":{"a":0,"k":[540,274,0],"ix":2},"a":{"a":0,"k":[540,274,0],"ix":1},"s":{"a":0,"k":[100,100,100],"ix":6}},"ao":0,"ip":0,"op":110,"st":0,"bm":0},{"ddd":0,"ind":4,"ty":2,"nm":"引擎深度养护","refId":"image_3","sr":1,"ks":{"o":{"a":1,"k":[{"i":{"x":[0.833],"y":[0.833]},"o":{"x":[0.167],"y":[0.167]},"t":70.8,"s":[0]},{"i":{"x":[0.833],"y":[0.833]},"o":{"x":[0.167],"y":[0.167]},"t":79.2,"s":[80]},{"i":{"x":[0.833],"y":[0.833]},"o":{"x":[0.167],"y":[0.167]},"t":88.8,"s":[100]},{"i":{"x":[0.833],"y":[0.833]},"o":{"x":[0.167],"y":[0.167]},"t":102,"s":[100]},{"t":109,"s":[100]}],"ix":11},"r":{"a":0,"k":0,"ix":10},"p":{"a":0,"k":[540,274,0],"ix":2},"a":{"a":0,"k":[540,274,0],"ix":1},"s":{"a":0,"k":[100,100,100],"ix":6}},"ao":0,"ip":0,"op":110,"st":0,"bm":0},{"ddd":0,"ind":5,"ty":2,"nm":"刹车养护","refId":"image_4","sr":1,"ks":{"o":{"a":1,"k":[{"i":{"x":[0.833],"y":[0.833]},"o":{"x":[0.167],"y":[0.167]},"t":-3.6,"s":[0]},{"i":{"x":[0.833],"y":[0.833]},"o":{"x":[0.167],"y":[0.167]},"t":0,"s":[0]},{"i":{"x":[0.833],"y":[0.833]},"o":{"x":[0.167],"y":[0.167]},"t":7.2,"s":[50]},{"i":{"x":[0.833],"y":[0.833]},"o":{"x":[0.167],"y":[0.167]},"t":13.2,"s":[100]},{"i":{"x":[0.833],"y":[0.833]},"o":{"x":[0.167],"y":[0.167]},"t":102,"s":[100]},{"t":109,"s":[100]}],"ix":11},"r":{"a":0,"k":0,"ix":10},"p":{"a":0,"k":[540,274,0],"ix":2},"a":{"a":0,"k":[540,274,0],"ix":1},"s":{"a":0,"k":[100,100,100],"ix":6}},"ao":0,"ip":0,"op":110,"st":0,"bm":0},{"ddd":0,"ind":6,"ty":2,"nm":"狂送1000000元油卡","refId":"image_5","sr":1,"ks":{"o":{"a":1,"k":[{"i":{"x":[0.667],"y":[0.932]},"o":{"x":[0.167],"y":[0]},"t":29,"s":[0]},{"i":{"x":[0.667],"y":[1]},"o":{"x":[0.333],"y":[0.047]},"t":52,"s":[50]},{"i":{"x":[0.833],"y":[1]},"o":{"x":[0.333],"y":[0]},"t":68,"s":[100]},{"t":81,"s":[0]}],"ix":11},"r":{"a":0,"k":0,"ix":10},"p":{"a":0,"k":[540,274,0],"ix":2},"a":{"a":0,"k":[540,274,0],"ix":1},"s":{"a":0,"k":[100,100,100],"ix":6}},"ao":0,"ip":0,"op":110,"st":0,"bm":0},{"ddd":0,"ind":7,"ty":2,"nm":"全合成小保养仅售199元起","refId":"image_6","sr":1,"ks":{"o":{"a":1,"k":[{"i":{"x":[0.667],"y":[0.5]},"o":{"x":[0.333],"y":[0]},"t":0,"s":[100]},{"i":{"x":[0.667],"y":[0.286]},"o":{"x":[0.333],"y":[1.167]},"t":6,"s":[50]},{"i":{"x":[0.667],"y":[-2.526]},"o":{"x":[0.333],"y":[-1.76]},"t":20,"s":[0]},{"i":{"x":[0.833],"y":[1]},"o":{"x":[0.167],"y":[51.095]},"t":89,"s":[100]},{"t":109,"s":[100]}],"ix":11},"r":{"a":0,"k":0,"ix":10},"p":{"a":0,"k":[540,274,0],"ix":2},"a":{"a":0,"k":[540,274,0],"ix":1},"s":{"a":0,"k":[100,100,100],"ix":6}},"ao":0,"ip":0,"op":110,"st":0,"bm":0},{"ddd":0,"ind":8,"ty":2,"nm":"按钮","refId":"image_7","sr":1,"ks":{"o":{"a":0,"k":100,"ix":11},"r":{"a":0,"k":0,"ix":10},"p":{"a":1,"k":[{"i":{"x":0.833,"y":0.833},"o":{"x":0.167,"y":0.167},"t":-1,"s":[540,265,0],"to":[0,0,0],"ti":[0,0,0]},{"i":{"x":0.833,"y":0.833},"o":{"x":0.167,"y":0.167},"t":0,"s":[540,274,0],"to":[0,0,0],"ti":[0,0,0]},{"i":{"x":0.833,"y":0.833},"o":{"x":0.167,"y":0.167},"t":10,"s":[540,265,0],"to":[0,0,0],"ti":[0,0,0]},{"i":{"x":0.833,"y":0.833},"o":{"x":0.167,"y":0.167},"t":23,"s":[540,274,0],"to":[0,0,0],"ti":[0,0,0]},{"i":{"x":0.833,"y":0.833},"o":{"x":0.167,"y":0.167},"t":40,"s":[540,265,0],"to":[0,0,0],"ti":[0,0,0]},{"i":{"x":0.833,"y":0.833},"o":{"x":0.167,"y":0.167},"t":57,"s":[540,274,0],"to":[0,0,0],"ti":[0,1.359,0]},{"i":{"x":0.833,"y":0.833},"o":{"x":0.167,"y":0.167},"t":74,"s":[540,265,0],"to":[0,-0.948,0],"ti":[0,0.342,0]},{"t":98,"s":[540,274,0]}],"ix":2},"a":{"a":0,"k":[540,274,0],"ix":1},"s":{"a":0,"k":[100,100,100],"ix":6}},"ao":0,"ip":0,"op":110,"st":0,"bm":0},{"ddd":0,"ind":9,"ty":2,"nm":"按钮条","refId":"image_8","sr":1,"ks":{"o":{"a":0,"k":100,"ix":11},"r":{"a":0,"k":0,"ix":10},"p":{"a":0,"k":[540,274,0],"ix":2},"a":{"a":0,"k":[540,274,0],"ix":1},"s":{"a":0,"k":[100,100,100],"ix":6}},"ao":0,"ip":0,"op":110,"st":0,"bm":0},{"ddd":0,"ind":10,"ty":2,"nm":"漂浮物","refId":"image_9","sr":1,"ks":{"o":{"a":0,"k":100,"ix":11},"r":{"a":0,"k":0,"ix":10},"p":{"a":1,"k":[{"i":{"x":0.667,"y":0.5},"o":{"x":0.333,"y":0},"t":0,"s":[540,274,0],"to":[0,0.882,0],"ti":[0,-3.546,0]},{"i":{"x":0.667,"y":1},"o":{"x":0.333,"y":0.4},"t":12,"s":[540,282.001,0],"to":[0,4.017,0],"ti":[0,0,0]},{"i":{"x":0.667,"y":0.898},"o":{"x":0.333,"y":0},"t":26.4,"s":[540,294,0],"to":[0,0,0],"ti":[0,0,0]},{"i":{"x":0.657,"y":0.918},"o":{"x":0.32,"y":0.258},"t":43.2,"s":[540,268,0],"to":[0,0,0],"ti":[0,0,0]},{"i":{"x":0.667,"y":0.882},"o":{"x":0.332,"y":0.099},"t":63.6,"s":[540,280,0],"to":[0,0,0],"ti":[0,1,0]},{"i":{"x":0.671,"y":1},"o":{"x":0.167,"y":0},"t":85.2,"s":[540,290,0],"to":[0,-1,0],"ti":[0,0.235,0]},{"t":103.2001953125,"s":[540,274,0]}],"ix":2},"a":{"a":0,"k":[540,274,0],"ix":1},"s":{"a":0,"k":[100,100,100],"ix":6}},"ao":0,"ip":0,"op":110,"st":0,"bm":0},{"ddd":0,"ind":11,"ty":2,"nm":"bg","refId":"image_10","sr":1,"ks":{"o":{"a":0,"k":100,"ix":11},"r":{"a":0,"k":0,"ix":10},"p":{"a":0,"k":[540,274,0],"ix":2},"a":{"a":0,"k":[540,274,0],"ix":1},"s":{"a":0,"k":[100,100,100],"ix":6}},"ao":0,"ip":0,"op":110,"st":0,"bm":0}],"markers":[]}